TSUM1,TSUM2,SPAN,Q10,TDWI
549.5055108493973,1361.3783892128451,34.40023082477917,2.1828193717223154,0.4052691209787571
