TSUM1,TSUM2,SPAN,Q10,TDWI,uuid
549.5055108493973,1361.3783892128451,34.40023082477917,2.1828193717223154,0.40526912097875717,e98f8a74-0d1d-4f86-b805-781de95e78a4
